Station,Scenario,IntervalStartDt,IntervalEndDt,Sunshine
White Plains,ACTUAL,8/1/2017 0:00,8/1/2017 1:00,0
White Plains,ACTUAL,8/1/2017 1:00,8/1/2017 2:00,0
White Plains,ACTUAL,8/1/2017 2:00,8/1/2017 3:00,0
White Plains,ACTUAL,8/1/2017 3:00,8/1/2017 4:00,0
White Plains,ACTUAL,8/1/2017 4:00,8/1/2017 5:00,9
White Plains,ACTUAL,8/1/2017 5:00,8/1/2017 6:00,60
White Plains,ACTUAL,8/1/2017 6:00,8/1/2017 7:00,60
White Plains,ACTUAL,8/1/2017 7:00,8/1/2017 8:00,60
White Plains,ACTUAL,8/1/2017 8:00,8/1/2017 9:00,60
White Plains,ACTUAL,8/1/2017 9:00,8/1/2017 10:00,60
White Plains,ACTUAL,8/1/2017 10:00,8/1/2017 11:00,39
White Plains,ACTUAL,8/1/2017 11:00,8/1/2017 12:00,39
White Plains,ACTUAL,8/1/2017 12:00,8/1/2017 13:00,39
White Plains,ACTUAL,8/1/2017 13:00,8/1/2017 14:00,39
White Plains,ACTUAL,8/1/2017 14:00,8/1/2017 15:00,39
White Plains,ACTUAL,8/1/2017 15:00,8/1/2017 16:00,39
White Plains,ACTUAL,8/1/2017 16:00,8/1/2017 17:00,39
White Plains,ACTUAL,8/1/2017 17:00,8/1/2017 18:00,39
White Plains,ACTUAL,8/1/2017 18:00,8/1/2017 19:00,39
White Plains,ACTUAL,8/1/2017 19:00,8/1/2017 20:00,6
White Plains,ACTUAL,8/1/2017 20:00,8/1/2017 21:00,0
White Plains,ACTUAL,8/1/2017 21:00,8/1/2017 22:00,0
White Plains,ACTUAL,8/1/2017 22:00,8/1/2017 23:00,0
White Plains,ACTUAL,8/1/2017 23:00,8/2/2017 0:00,0
White Plains,ACTUAL,8/2/2017 0:00,8/2/2017 1:00,0
White Plains,ACTUAL,8/2/2017 1:00,8/2/2017 2:00,0
White Plains,ACTUAL,8/2/2017 2:00,8/2/2017 3:00,0
White Plains,ACTUAL,8/2/2017 3:00,8/2/2017 4:00,0
White Plains,ACTUAL,8/2/2017 4:00,8/2/2017 5:00,8
White Plains,ACTUAL,8/2/2017 5:00,8/2/2017 6:00,60
White Plains,ACTUAL,8/2/2017 6:00,8/2/2017 7:00,60
White Plains,ACTUAL,8/2/2017 7:00,8/2/2017 8:00,60
White Plains,ACTUAL,8/2/2017 8:00,8/2/2017 9:00,60
White Plains,ACTUAL,8/2/2017 9:00,8/2/2017 10:00,60
White Plains,ACTUAL,8/2/2017 10:00,8/2/2017 11:00,39
White Plains,ACTUAL,8/2/2017 11:00,8/2/2017 12:00,39
White Plains,ACTUAL,8/2/2017 12:00,8/2/2017 13:00,39
White Plains,ACTUAL,8/2/2017 13:00,8/2/2017 14:00,18
White Plains,ACTUAL,8/2/2017 14:00,8/2/2017 15:00,39
White Plains,ACTUAL,8/2/2017 15:00,8/2/2017 16:00,18
White Plains,ACTUAL,8/2/2017 16:00,8/2/2017 17:00,18
White Plains,ACTUAL,8/2/2017 17:00,8/2/2017 18:00,18
White Plains,ACTUAL,8/2/2017 18:00,8/2/2017 19:00,18
White Plains,ACTUAL,8/2/2017 19:00,8/2/2017 20:00,2
White Plains,ACTUAL,8/2/2017 20:00,8/2/2017 21:00,0
White Plains,ACTUAL,8/2/2017 21:00,8/2/2017 22:00,0
White Plains,ACTUAL,8/2/2017 22:00,8/2/2017 23:00,0
White Plains,ACTUAL,8/2/2017 23:00,8/3/2017 0:00,0
White Plains,ACTUAL,8/3/2017 0:00,8/3/2017 1:00,0
White Plains,ACTUAL,8/3/2017 1:00,8/3/2017 2:00,0
White Plains,ACTUAL,8/3/2017 2:00,8/3/2017 3:00,0
White Plains,ACTUAL,8/3/2017 3:00,8/3/2017 4:00,0
White Plains,ACTUAL,8/3/2017 4:00,8/3/2017 5:00,7
White Plains,ACTUAL,8/3/2017 5:00,8/3/2017 6:00,60
White Plains,ACTUAL,8/3/2017 6:00,8/3/2017 7:00,60
White Plains,ACTUAL,8/3/2017 7:00,8/3/2017 8:00,39
White Plains,ACTUAL,8/3/2017 8:00,8/3/2017 9:00,39
White Plains,ACTUAL,8/3/2017 9:00,8/3/2017 10:00,39
White Plains,ACTUAL,8/3/2017 10:00,8/3/2017 11:00,39
White Plains,ACTUAL,8/3/2017 11:00,8/3/2017 12:00,39
White Plains,ACTUAL,8/3/2017 12:00,8/3/2017 13:00,39
White Plains,ACTUAL,8/3/2017 13:00,8/3/2017 14:00,39
White Plains,ACTUAL,8/3/2017 14:00,8/3/2017 15:00,60
White Plains,ACTUAL,8/3/2017 15:00,8/3/2017 16:00,39
White Plains,ACTUAL,8/3/2017 16:00,8/3/2017 17:00,39
White Plains,ACTUAL,8/3/2017 17:00,8/3/2017 18:00,39
White Plains,ACTUAL,8/3/2017 18:00,8/3/2017 19:00,39
White Plains,ACTUAL,8/3/2017 19:00,8/3/2017 20:00,4
White Plains,ACTUAL,8/3/2017 20:00,8/3/2017 21:00,0
White Plains,ACTUAL,8/3/2017 21:00,8/3/2017 22:00,0
White Plains,ACTUAL,8/3/2017 22:00,8/3/2017 23:00,0
White Plains,ACTUAL,8/3/2017 23:00,8/4/2017 0:00,0
White Plains,ACTUAL,8/4/2017 0:00,8/4/2017 1:00,0
White Plains,ACTUAL,8/4/2017 1:00,8/4/2017 2:00,0
White Plains,ACTUAL,8/4/2017 2:00,8/4/2017 3:00,0
White Plains,ACTUAL,8/4/2017 3:00,8/4/2017 4:00,0
White Plains,ACTUAL,8/4/2017 4:00,8/4/2017 5:00,6
White Plains,ACTUAL,8/4/2017 5:00,8/4/2017 6:00,39
White Plains,ACTUAL,8/4/2017 6:00,8/4/2017 7:00,18
White Plains,ACTUAL,8/4/2017 7:00,8/4/2017 8:00,18
White Plains,ACTUAL,8/4/2017 8:00,8/4/2017 9:00,18
White Plains,ACTUAL,8/4/2017 9:00,8/4/2017 10:00,18
White Plains,ACTUAL,8/4/2017 10:00,8/4/2017 11:00,18
White Plains,ACTUAL,8/4/2017 11:00,8/4/2017 12:00,18
White Plains,ACTUAL,8/4/2017 12:00,8/4/2017 13:00,39
White Plains,ACTUAL,8/4/2017 13:00,8/4/2017 14:00,39
White Plains,ACTUAL,8/4/2017 14:00,8/4/2017 15:00,39
White Plains,ACTUAL,8/4/2017 15:00,8/4/2017 16:00,39
White Plains,ACTUAL,8/4/2017 16:00,8/4/2017 17:00,39
White Plains,ACTUAL,8/4/2017 17:00,8/4/2017 18:00,39
White Plains,ACTUAL,8/4/2017 18:00,8/4/2017 19:00,39
White Plains,ACTUAL,8/4/2017 19:00,8/4/2017 20:00,1
White Plains,ACTUAL,8/4/2017 20:00,8/4/2017 21:00,0
White Plains,ACTUAL,8/4/2017 21:00,8/4/2017 22:00,0
White Plains,ACTUAL,8/4/2017 22:00,8/4/2017 23:00,0
White Plains,ACTUAL,8/4/2017 23:00,8/5/2017 0:00,0
White Plains,ACTUAL,8/5/2017 0:00,8/5/2017 1:00,0
White Plains,ACTUAL,8/5/2017 1:00,8/5/2017 2:00,0
White Plains,ACTUAL,8/5/2017 2:00,8/5/2017 3:00,0
White Plains,ACTUAL,8/5/2017 3:00,8/5/2017 4:00,0
White Plains,ACTUAL,8/5/2017 4:00,8/5/2017 5:00,1
White Plains,ACTUAL,8/5/2017 5:00,8/5/2017 6:00,18
White Plains,ACTUAL,8/5/2017 6:00,8/5/2017 7:00,18
White Plains,ACTUAL,8/5/2017 7:00,8/5/2017 8:00,18
White Plains,ACTUAL,8/5/2017 8:00,8/5/2017 9:00,18
White Plains,ACTUAL,8/5/2017 9:00,8/5/2017 10:00,18
White Plains,ACTUAL,8/5/2017 10:00,8/5/2017 11:00,18
White Plains,ACTUAL,8/5/2017 11:00,8/5/2017 12:00,18
White Plains,ACTUAL,8/5/2017 12:00,8/5/2017 13:00,18
White Plains,ACTUAL,8/5/2017 13:00,8/5/2017 14:00,18
White Plains,ACTUAL,8/5/2017 14:00,8/5/2017 15:00,39
White Plains,ACTUAL,8/5/2017 15:00,8/5/2017 16:00,18
White Plains,ACTUAL,8/5/2017 16:00,8/5/2017 17:00,39
White Plains,ACTUAL,8/5/2017 17:00,8/5/2017 18:00,39
White Plains,ACTUAL,8/5/2017 18:00,8/5/2017 19:00,39
White Plains,ACTUAL,8/5/2017 19:00,8/5/2017 20:00,3
White Plains,ACTUAL,8/5/2017 20:00,8/5/2017 21:00,0
White Plains,ACTUAL,8/5/2017 21:00,8/5/2017 22:00,0
White Plains,ACTUAL,8/5/2017 22:00,8/5/2017 23:00,0
White Plains,ACTUAL,8/5/2017 23:00,8/6/2017 0:00,0
White Plains,ACTUAL,8/6/2017 0:00,8/6/2017 1:00,0
White Plains,ACTUAL,8/6/2017 1:00,8/6/2017 2:00,0
White Plains,ACTUAL,8/6/2017 2:00,8/6/2017 3:00,0
White Plains,ACTUAL,8/6/2017 3:00,8/6/2017 4:00,0
White Plains,ACTUAL,8/6/2017 4:00,8/6/2017 5:00,5
White Plains,ACTUAL,8/6/2017 5:00,8/6/2017 6:00,60
White Plains,ACTUAL,8/6/2017 6:00,8/6/2017 7:00,60
White Plains,ACTUAL,8/6/2017 7:00,8/6/2017 8:00,60
White Plains,ACTUAL,8/6/2017 8:00,8/6/2017 9:00,39
White Plains,ACTUAL,8/6/2017 9:00,8/6/2017 10:00,39
White Plains,ACTUAL,8/6/2017 10:00,8/6/2017 11:00,39
White Plains,ACTUAL,8/6/2017 11:00,8/6/2017 12:00,39
White Plains,ACTUAL,8/6/2017 12:00,8/6/2017 13:00,39
White Plains,ACTUAL,8/6/2017 13:00,8/6/2017 14:00,39
White Plains,ACTUAL,8/6/2017 14:00,8/6/2017 15:00,39
White Plains,ACTUAL,8/6/2017 15:00,8/6/2017 16:00,39
White Plains,ACTUAL,8/6/2017 16:00,8/6/2017 17:00,39
White Plains,ACTUAL,8/6/2017 17:00,8/6/2017 18:00,39
White Plains,ACTUAL,8/6/2017 18:00,8/6/2017 19:00,39
White Plains,ACTUAL,8/6/2017 19:00,8/6/2017 20:00,4
White Plains,ACTUAL,8/6/2017 20:00,8/6/2017 21:00,0
White Plains,ACTUAL,8/6/2017 21:00,8/6/2017 22:00,0
White Plains,ACTUAL,8/6/2017 22:00,8/6/2017 23:00,0
White Plains,ACTUAL,8/6/2017 23:00,8/7/2017 0:00,0
White Plains,ACTUAL,8/7/2017 0:00,8/7/2017 1:00,0
White Plains,ACTUAL,8/7/2017 1:00,8/7/2017 2:00,0
White Plains,ACTUAL,8/7/2017 2:00,8/7/2017 3:00,0
White Plains,ACTUAL,8/7/2017 3:00,8/7/2017 4:00,0
White Plains,ACTUAL,8/7/2017 4:00,8/7/2017 5:00,1
White Plains,ACTUAL,8/7/2017 5:00,8/7/2017 6:00,18
White Plains,ACTUAL,8/7/2017 6:00,8/7/2017 7:00,18
White Plains,ACTUAL,8/7/2017 7:00,8/7/2017 8:00,18
White Plains,ACTUAL,8/7/2017 8:00,8/7/2017 9:00,18
White Plains,ACTUAL,8/7/2017 9:00,8/7/2017 10:00,18
White Plains,ACTUAL,8/7/2017 10:00,8/7/2017 11:00,18
White Plains,ACTUAL,8/7/2017 11:00,8/7/2017 12:00,0
White Plains,ACTUAL,8/7/2017 12:00,8/7/2017 13:00,18
White Plains,ACTUAL,8/7/2017 13:00,8/7/2017 14:00,18
White Plains,ACTUAL,8/7/2017 14:00,8/7/2017 15:00,0
White Plains,ACTUAL,8/7/2017 15:00,8/7/2017 16:00,0
White Plains,ACTUAL,8/7/2017 16:00,8/7/2017 17:00,18
White Plains,ACTUAL,8/7/2017 17:00,8/7/2017 18:00,18
White Plains,ACTUAL,8/7/2017 18:00,8/7/2017 19:00,18
White Plains,ACTUAL,8/7/2017 19:00,8/7/2017 20:00,0
White Plains,ACTUAL,8/7/2017 20:00,8/7/2017 21:00,0
White Plains,ACTUAL,8/7/2017 21:00,8/7/2017 22:00,0
White Plains,ACTUAL,8/7/2017 22:00,8/7/2017 23:00,0
White Plains,ACTUAL,8/7/2017 23:00,8/8/2017 0:00,0
White Plains,ACTUAL,8/8/2017 0:00,8/8/2017 1:00,0
White Plains,ACTUAL,8/8/2017 1:00,8/8/2017 2:00,0
White Plains,ACTUAL,8/8/2017 2:00,8/8/2017 3:00,0
White Plains,ACTUAL,8/8/2017 3:00,8/8/2017 4:00,0
White Plains,ACTUAL,8/8/2017 4:00,8/8/2017 5:00,0
White Plains,ACTUAL,8/8/2017 5:00,8/8/2017 6:00,0
White Plains,ACTUAL,8/8/2017 6:00,8/8/2017 7:00,0
White Plains,ACTUAL,8/8/2017 7:00,8/8/2017 8:00,0
White Plains,ACTUAL,8/8/2017 8:00,8/8/2017 9:00,18
White Plains,ACTUAL,8/8/2017 9:00,8/8/2017 10:00,18
White Plains,ACTUAL,8/8/2017 10:00,8/8/2017 11:00,18
White Plains,ACTUAL,8/8/2017 11:00,8/8/2017 12:00,18
White Plains,ACTUAL,8/8/2017 12:00,8/8/2017 13:00,18
White Plains,ACTUAL,8/8/2017 13:00,8/8/2017 14:00,39
White Plains,ACTUAL,8/8/2017 14:00,8/8/2017 15:00,39
White Plains,ACTUAL,8/8/2017 15:00,8/8/2017 16:00,39
White Plains,ACTUAL,8/8/2017 16:00,8/8/2017 17:00,39
White Plains,ACTUAL,8/8/2017 17:00,8/8/2017 18:00,39
White Plains,ACTUAL,8/8/2017 18:00,8/8/2017 19:00,39
White Plains,ACTUAL,8/8/2017 19:00,8/8/2017 20:00,0
White Plains,ACTUAL,8/8/2017 20:00,8/8/2017 21:00,0
White Plains,ACTUAL,8/8/2017 21:00,8/8/2017 22:00,0
White Plains,ACTUAL,8/8/2017 22:00,8/8/2017 23:00,0
White Plains,ACTUAL,8/8/2017 23:00,8/9/2017 0:00,0
White Plains,ACTUAL,8/9/2017 0:00,8/9/2017 1:00,0
White Plains,ACTUAL,8/9/2017 1:00,8/9/2017 2:00,0
White Plains,ACTUAL,8/9/2017 2:00,8/9/2017 3:00,0
White Plains,ACTUAL,8/9/2017 3:00,8/9/2017 4:00,0
White Plains,ACTUAL,8/9/2017 4:00,8/9/2017 5:00,2
White Plains,ACTUAL,8/9/2017 5:00,8/9/2017 6:00,60
White Plains,ACTUAL,8/9/2017 6:00,8/9/2017 7:00,60
White Plains,ACTUAL,8/9/2017 7:00,8/9/2017 8:00,60
White Plains,ACTUAL,8/9/2017 8:00,8/9/2017 9:00,60
White Plains,ACTUAL,8/9/2017 9:00,8/9/2017 10:00,60
White Plains,ACTUAL,8/9/2017 10:00,8/9/2017 11:00,60
White Plains,ACTUAL,8/9/2017 11:00,8/9/2017 12:00,60
White Plains,ACTUAL,8/9/2017 12:00,8/9/2017 13:00,39
White Plains,ACTUAL,8/9/2017 13:00,8/9/2017 14:00,39
White Plains,ACTUAL,8/9/2017 14:00,8/9/2017 15:00,39
White Plains,ACTUAL,8/9/2017 15:00,8/9/2017 16:00,39
White Plains,ACTUAL,8/9/2017 16:00,8/9/2017 17:00,39
White Plains,ACTUAL,8/9/2017 17:00,8/9/2017 18:00,39
White Plains,ACTUAL,8/9/2017 18:00,8/9/2017 19:00,39
White Plains,ACTUAL,8/9/2017 19:00,8/9/2017 20:00,0
White Plains,ACTUAL,8/9/2017 20:00,8/9/2017 21:00,0
White Plains,ACTUAL,8/9/2017 21:00,8/9/2017 22:00,0
White Plains,ACTUAL,8/9/2017 22:00,8/9/2017 23:00,0
White Plains,ACTUAL,8/9/2017 23:00,8/10/2017 0:00,0
White Plains,ACTUAL,8/10/2017 0:00,8/10/2017 1:00,0
White Plains,ACTUAL,8/10/2017 1:00,8/10/2017 2:00,0
White Plains,ACTUAL,8/10/2017 2:00,8/10/2017 3:00,0
White Plains,ACTUAL,8/10/2017 3:00,8/10/2017 4:00,0
White Plains,ACTUAL,8/10/2017 4:00,8/10/2017 5:00,1
White Plains,ACTUAL,8/10/2017 5:00,8/10/2017 6:00,60
White Plains,ACTUAL,8/10/2017 6:00,8/10/2017 7:00,60
White Plains,ACTUAL,8/10/2017 7:00,8/10/2017 8:00,60
White Plains,ACTUAL,8/10/2017 8:00,8/10/2017 9:00,60
White Plains,ACTUAL,8/10/2017 9:00,8/10/2017 10:00,60
White Plains,ACTUAL,8/10/2017 10:00,8/10/2017 11:00,39
White Plains,ACTUAL,8/10/2017 11:00,8/10/2017 12:00,39
White Plains,ACTUAL,8/10/2017 12:00,8/10/2017 13:00,39
White Plains,ACTUAL,8/10/2017 13:00,8/10/2017 14:00,39
White Plains,ACTUAL,8/10/2017 14:00,8/10/2017 15:00,39
White Plains,ACTUAL,8/10/2017 15:00,8/10/2017 16:00,39
White Plains,ACTUAL,8/10/2017 16:00,8/10/2017 17:00,39
White Plains,ACTUAL,8/10/2017 17:00,8/10/2017 18:00,60
White Plains,ACTUAL,8/10/2017 18:00,8/10/2017 19:00,60
White Plains,ACTUAL,8/10/2017 19:00,8/10/2017 20:00,0
White Plains,ACTUAL,8/10/2017 20:00,8/10/2017 21:00,0
White Plains,ACTUAL,8/10/2017 21:00,8/10/2017 22:00,0
White Plains,ACTUAL,8/10/2017 22:00,8/10/2017 23:00,0
White Plains,ACTUAL,8/10/2017 23:00,8/11/2017 0:00,0
White Plains,ACTUAL,8/11/2017 0:00,8/11/2017 1:00,0
White Plains,ACTUAL,8/11/2017 1:00,8/11/2017 2:00,0
White Plains,ACTUAL,8/11/2017 2:00,8/11/2017 3:00,0
White Plains,ACTUAL,8/11/2017 3:00,8/11/2017 4:00,0
White Plains,ACTUAL,8/11/2017 4:00,8/11/2017 5:00,0
White Plains,ACTUAL,8/11/2017 5:00,8/11/2017 6:00,60
White Plains,ACTUAL,8/11/2017 6:00,8/11/2017 7:00,60
White Plains,ACTUAL,8/11/2017 7:00,8/11/2017 8:00,60
White Plains,ACTUAL,8/11/2017 8:00,8/11/2017 9:00,60
White Plains,ACTUAL,8/11/2017 9:00,8/11/2017 10:00,39
White Plains,ACTUAL,8/11/2017 10:00,8/11/2017 11:00,39
White Plains,ACTUAL,8/11/2017 11:00,8/11/2017 12:00,39
White Plains,ACTUAL,8/11/2017 12:00,8/11/2017 13:00,18
White Plains,ACTUAL,8/11/2017 13:00,8/11/2017 14:00,18
White Plains,ACTUAL,8/11/2017 14:00,8/11/2017 15:00,18
White Plains,ACTUAL,8/11/2017 15:00,8/11/2017 16:00,18
White Plains,ACTUAL,8/11/2017 16:00,8/11/2017 17:00,39
White Plains,ACTUAL,8/11/2017 17:00,8/11/2017 18:00,18
White Plains,ACTUAL,8/11/2017 18:00,8/11/2017 19:00,38
White Plains,ACTUAL,8/11/2017 19:00,8/11/2017 20:00,0
White Plains,ACTUAL,8/11/2017 20:00,8/11/2017 21:00,0
White Plains,ACTUAL,8/11/2017 21:00,8/11/2017 22:00,0
White Plains,ACTUAL,8/11/2017 22:00,8/11/2017 23:00,0
White Plains,ACTUAL,8/11/2017 23:00,8/12/2017 0:00,0
White Plains,ACTUAL,8/12/2017 0:00,8/12/2017 1:00,0
White Plains,ACTUAL,8/12/2017 1:00,8/12/2017 2:00,0
White Plains,ACTUAL,8/12/2017 2:00,8/12/2017 3:00,0
White Plains,ACTUAL,8/12/2017 3:00,8/12/2017 4:00,0
White Plains,ACTUAL,8/12/2017 4:00,8/12/2017 5:00,0
White Plains,ACTUAL,8/12/2017 5:00,8/12/2017 6:00,17
White Plains,ACTUAL,8/12/2017 6:00,8/12/2017 7:00,39
White Plains,ACTUAL,8/12/2017 7:00,8/12/2017 8:00,60
White Plains,ACTUAL,8/12/2017 8:00,8/12/2017 9:00,39
White Plains,ACTUAL,8/12/2017 9:00,8/12/2017 10:00,39
White Plains,ACTUAL,8/12/2017 10:00,8/12/2017 11:00,39
White Plains,ACTUAL,8/12/2017 11:00,8/12/2017 12:00,39
White Plains,ACTUAL,8/12/2017 12:00,8/12/2017 13:00,39
White Plains,ACTUAL,8/12/2017 13:00,8/12/2017 14:00,18
White Plains,ACTUAL,8/12/2017 14:00,8/12/2017 15:00,18
White Plains,ACTUAL,8/12/2017 15:00,8/12/2017 16:00,39
White Plains,ACTUAL,8/12/2017 16:00,8/12/2017 17:00,39
White Plains,ACTUAL,8/12/2017 17:00,8/12/2017 18:00,18
White Plains,ACTUAL,8/12/2017 18:00,8/12/2017 19:00,17
White Plains,ACTUAL,8/12/2017 19:00,8/12/2017 20:00,0
White Plains,ACTUAL,8/12/2017 20:00,8/12/2017 21:00,0
White Plains,ACTUAL,8/12/2017 21:00,8/12/2017 22:00,0
White Plains,ACTUAL,8/12/2017 22:00,8/12/2017 23:00,0
White Plains,ACTUAL,8/12/2017 23:00,8/13/2017 0:00,0
White Plains,ACTUAL,8/13/2017 0:00,8/13/2017 1:00,0
White Plains,ACTUAL,8/13/2017 1:00,8/13/2017 2:00,0
White Plains,ACTUAL,8/13/2017 2:00,8/13/2017 3:00,0
White Plains,ACTUAL,8/13/2017 3:00,8/13/2017 4:00,0
White Plains,ACTUAL,8/13/2017 4:00,8/13/2017 5:00,0
White Plains,ACTUAL,8/13/2017 5:00,8/13/2017 6:00,58
White Plains,ACTUAL,8/13/2017 6:00,8/13/2017 7:00,60
White Plains,ACTUAL,8/13/2017 7:00,8/13/2017 8:00,39
White Plains,ACTUAL,8/13/2017 8:00,8/13/2017 9:00,39
White Plains,ACTUAL,8/13/2017 9:00,8/13/2017 10:00,39
White Plains,ACTUAL,8/13/2017 10:00,8/13/2017 11:00,39
White Plains,ACTUAL,8/13/2017 11:00,8/13/2017 12:00,39
White Plains,ACTUAL,8/13/2017 12:00,8/13/2017 13:00,39
White Plains,ACTUAL,8/13/2017 13:00,8/13/2017 14:00,39
White Plains,ACTUAL,8/13/2017 14:00,8/13/2017 15:00,39
White Plains,ACTUAL,8/13/2017 15:00,8/13/2017 16:00,39
White Plains,ACTUAL,8/13/2017 16:00,8/13/2017 17:00,39
White Plains,ACTUAL,8/13/2017 17:00,8/13/2017 18:00,18
White Plains,ACTUAL,8/13/2017 18:00,8/13/2017 19:00,36
White Plains,ACTUAL,8/13/2017 19:00,8/13/2017 20:00,0
White Plains,ACTUAL,8/13/2017 20:00,8/13/2017 21:00,0
White Plains,ACTUAL,8/13/2017 21:00,8/13/2017 22:00,0
White Plains,ACTUAL,8/13/2017 22:00,8/13/2017 23:00,0
White Plains,ACTUAL,8/13/2017 23:00,8/14/2017 0:00,0
White Plains,ACTUAL,8/14/2017 0:00,8/14/2017 1:00,0
White Plains,ACTUAL,8/14/2017 1:00,8/14/2017 2:00,0
White Plains,ACTUAL,8/14/2017 2:00,8/14/2017 3:00,0
White Plains,ACTUAL,8/14/2017 3:00,8/14/2017 4:00,0
White Plains,ACTUAL,8/14/2017 4:00,8/14/2017 5:00,0
White Plains,ACTUAL,8/14/2017 5:00,8/14/2017 6:00,37
White Plains,ACTUAL,8/14/2017 6:00,8/14/2017 7:00,39
White Plains,ACTUAL,8/14/2017 7:00,8/14/2017 8:00,18
White Plains,ACTUAL,8/14/2017 8:00,8/14/2017 9:00,39
White Plains,ACTUAL,8/14/2017 9:00,8/14/2017 10:00,39
White Plains,ACTUAL,8/14/2017 10:00,8/14/2017 11:00,39
White Plains,ACTUAL,8/14/2017 11:00,8/14/2017 12:00,39
White Plains,ACTUAL,8/14/2017 12:00,8/14/2017 13:00,39
White Plains,ACTUAL,8/14/2017 13:00,8/14/2017 14:00,39
White Plains,ACTUAL,8/14/2017 14:00,8/14/2017 15:00,39
White Plains,ACTUAL,8/14/2017 15:00,8/14/2017 16:00,39
White Plains,ACTUAL,8/14/2017 16:00,8/14/2017 17:00,39
White Plains,ACTUAL,8/14/2017 17:00,8/14/2017 18:00,39
White Plains,ACTUAL,8/14/2017 18:00,8/14/2017 19:00,35
White Plains,ACTUAL,8/14/2017 19:00,8/14/2017 20:00,0
White Plains,ACTUAL,8/14/2017 20:00,8/14/2017 21:00,0
White Plains,ACTUAL,8/14/2017 21:00,8/14/2017 22:00,0
White Plains,ACTUAL,8/14/2017 22:00,8/14/2017 23:00,0
White Plains,ACTUAL,8/14/2017 23:00,8/15/2017 0:00,0
White Plains,ACTUAL,8/15/2017 0:00,8/15/2017 1:00,0
White Plains,ACTUAL,8/15/2017 1:00,8/15/2017 2:00,0
White Plains,ACTUAL,8/15/2017 2:00,8/15/2017 3:00,0
White Plains,ACTUAL,8/15/2017 3:00,8/15/2017 4:00,0
White Plains,ACTUAL,8/15/2017 4:00,8/15/2017 5:00,0
White Plains,ACTUAL,8/15/2017 5:00,8/15/2017 6:00,16
White Plains,ACTUAL,8/15/2017 6:00,8/15/2017 7:00,18
White Plains,ACTUAL,8/15/2017 7:00,8/15/2017 8:00,18
White Plains,ACTUAL,8/15/2017 8:00,8/15/2017 9:00,18
White Plains,ACTUAL,8/15/2017 9:00,8/15/2017 10:00,18
White Plains,ACTUAL,8/15/2017 10:00,8/15/2017 11:00,18
White Plains,ACTUAL,8/15/2017 11:00,8/15/2017 12:00,18
White Plains,ACTUAL,8/15/2017 12:00,8/15/2017 13:00,18
White Plains,ACTUAL,8/15/2017 13:00,8/15/2017 14:00,18
White Plains,ACTUAL,8/15/2017 14:00,8/15/2017 15:00,0
White Plains,ACTUAL,8/15/2017 15:00,8/15/2017 16:00,0
White Plains,ACTUAL,8/15/2017 16:00,8/15/2017 17:00,18
White Plains,ACTUAL,8/15/2017 17:00,8/15/2017 18:00,0
White Plains,ACTUAL,8/15/2017 18:00,8/15/2017 19:00,15
White Plains,ACTUAL,8/15/2017 19:00,8/15/2017 20:00,0
White Plains,ACTUAL,8/15/2017 20:00,8/15/2017 21:00,0
White Plains,ACTUAL,8/15/2017 21:00,8/15/2017 22:00,0
White Plains,ACTUAL,8/15/2017 22:00,8/15/2017 23:00,0
White Plains,ACTUAL,8/15/2017 23:00,8/16/2017 0:00,0
White Plains,ACTUAL,8/16/2017 0:00,8/16/2017 1:00,0
White Plains,ACTUAL,8/16/2017 1:00,8/16/2017 2:00,0
White Plains,ACTUAL,8/16/2017 2:00,8/16/2017 3:00,0
White Plains,ACTUAL,8/16/2017 3:00,8/16/2017 4:00,0
White Plains,ACTUAL,8/16/2017 4:00,8/16/2017 5:00,0
White Plains,ACTUAL,8/16/2017 5:00,8/16/2017 6:00,16
White Plains,ACTUAL,8/16/2017 6:00,8/16/2017 7:00,39
White Plains,ACTUAL,8/16/2017 7:00,8/16/2017 8:00,39
White Plains,ACTUAL,8/16/2017 8:00,8/16/2017 9:00,60
White Plains,ACTUAL,8/16/2017 9:00,8/16/2017 10:00,60
White Plains,ACTUAL,8/16/2017 10:00,8/16/2017 11:00,39
White Plains,ACTUAL,8/16/2017 11:00,8/16/2017 12:00,39
White Plains,ACTUAL,8/16/2017 12:00,8/16/2017 13:00,39
White Plains,ACTUAL,8/16/2017 13:00,8/16/2017 14:00,39
White Plains,ACTUAL,8/16/2017 14:00,8/16/2017 15:00,39
White Plains,ACTUAL,8/16/2017 15:00,8/16/2017 16:00,18
White Plains,ACTUAL,8/16/2017 16:00,8/16/2017 17:00,18
White Plains,ACTUAL,8/16/2017 17:00,8/16/2017 18:00,39
White Plains,ACTUAL,8/16/2017 18:00,8/16/2017 19:00,33
White Plains,ACTUAL,8/16/2017 19:00,8/16/2017 20:00,0
White Plains,ACTUAL,8/16/2017 20:00,8/16/2017 21:00,0
White Plains,ACTUAL,8/16/2017 21:00,8/16/2017 22:00,0
White Plains,ACTUAL,8/16/2017 22:00,8/16/2017 23:00,0
White Plains,ACTUAL,8/16/2017 23:00,8/17/2017 0:00,0
White Plains,ACTUAL,8/17/2017 0:00,8/17/2017 1:00,0
White Plains,ACTUAL,8/17/2017 1:00,8/17/2017 2:00,0
White Plains,ACTUAL,8/17/2017 2:00,8/17/2017 3:00,0
White Plains,ACTUAL,8/17/2017 3:00,8/17/2017 4:00,0
White Plains,ACTUAL,8/17/2017 4:00,8/17/2017 5:00,0
White Plains,ACTUAL,8/17/2017 5:00,8/17/2017 6:00,35
White Plains,ACTUAL,8/17/2017 6:00,8/17/2017 7:00,18
White Plains,ACTUAL,8/17/2017 7:00,8/17/2017 8:00,18
White Plains,ACTUAL,8/17/2017 8:00,8/17/2017 9:00,39
White Plains,ACTUAL,8/17/2017 9:00,8/17/2017 10:00,39
White Plains,ACTUAL,8/17/2017 10:00,8/17/2017 11:00,39
White Plains,ACTUAL,8/17/2017 11:00,8/17/2017 12:00,39
White Plains,ACTUAL,8/17/2017 12:00,8/17/2017 13:00,39
White Plains,ACTUAL,8/17/2017 13:00,8/17/2017 14:00,39
White Plains,ACTUAL,8/17/2017 14:00,8/17/2017 15:00,39
White Plains,ACTUAL,8/17/2017 15:00,8/17/2017 16:00,39
White Plains,ACTUAL,8/17/2017 16:00,8/17/2017 17:00,39
White Plains,ACTUAL,8/17/2017 17:00,8/17/2017 18:00,39
White Plains,ACTUAL,8/17/2017 18:00,8/17/2017 19:00,50
White Plains,ACTUAL,8/17/2017 19:00,8/17/2017 20:00,0
White Plains,ACTUAL,8/17/2017 20:00,8/17/2017 21:00,0
White Plains,ACTUAL,8/17/2017 21:00,8/17/2017 22:00,0
White Plains,ACTUAL,8/17/2017 22:00,8/17/2017 23:00,0
White Plains,ACTUAL,8/17/2017 23:00,8/18/2017 0:00,0
White Plains,ACTUAL,8/18/2017 0:00,8/18/2017 1:00,0
White Plains,ACTUAL,8/18/2017 1:00,8/18/2017 2:00,0
White Plains,ACTUAL,8/18/2017 2:00,8/18/2017 3:00,0
White Plains,ACTUAL,8/18/2017 3:00,8/18/2017 4:00,0
White Plains,ACTUAL,8/18/2017 4:00,8/18/2017 5:00,0
White Plains,ACTUAL,8/18/2017 5:00,8/18/2017 6:00,0
White Plains,ACTUAL,8/18/2017 6:00,8/18/2017 7:00,0
White Plains,ACTUAL,8/18/2017 7:00,8/18/2017 8:00,0
White Plains,ACTUAL,8/18/2017 8:00,8/18/2017 9:00,18
White Plains,ACTUAL,8/18/2017 9:00,8/18/2017 10:00,0
White Plains,ACTUAL,8/18/2017 10:00,8/18/2017 11:00,0
White Plains,ACTUAL,8/18/2017 11:00,8/18/2017 12:00,0
White Plains,ACTUAL,8/18/2017 12:00,8/18/2017 13:00,0
White Plains,ACTUAL,8/18/2017 13:00,8/18/2017 14:00,0
White Plains,ACTUAL,8/18/2017 14:00,8/18/2017 15:00,18
White Plains,ACTUAL,8/18/2017 15:00,8/18/2017 16:00,18
White Plains,ACTUAL,8/18/2017 16:00,8/18/2017 17:00,18
White Plains,ACTUAL,8/18/2017 17:00,8/18/2017 18:00,18
White Plains,ACTUAL,8/18/2017 18:00,8/18/2017 19:00,0
White Plains,ACTUAL,8/18/2017 19:00,8/18/2017 20:00,0
White Plains,ACTUAL,8/18/2017 20:00,8/18/2017 21:00,0
White Plains,ACTUAL,8/18/2017 21:00,8/18/2017 22:00,0
White Plains,ACTUAL,8/18/2017 22:00,8/18/2017 23:00,0
White Plains,ACTUAL,8/18/2017 23:00,8/19/2017 0:00,0
White Plains,ACTUAL,8/19/2017 0:00,8/19/2017 1:00,0
White Plains,ACTUAL,8/19/2017 1:00,8/19/2017 2:00,0
White Plains,ACTUAL,8/19/2017 2:00,8/19/2017 3:00,0
White Plains,ACTUAL,8/19/2017 3:00,8/19/2017 4:00,0
White Plains,ACTUAL,8/19/2017 4:00,8/19/2017 5:00,0
White Plains,ACTUAL,8/19/2017 5:00,8/19/2017 6:00,33
White Plains,ACTUAL,8/19/2017 6:00,8/19/2017 7:00,39
White Plains,ACTUAL,8/19/2017 7:00,8/19/2017 8:00,39
White Plains,ACTUAL,8/19/2017 8:00,8/19/2017 9:00,60
White Plains,ACTUAL,8/19/2017 9:00,8/19/2017 10:00,39
White Plains,ACTUAL,8/19/2017 10:00,8/19/2017 11:00,39
White Plains,ACTUAL,8/19/2017 11:00,8/19/2017 12:00,39
White Plains,ACTUAL,8/19/2017 12:00,8/19/2017 13:00,18
White Plains,ACTUAL,8/19/2017 13:00,8/19/2017 14:00,18
White Plains,ACTUAL,8/19/2017 14:00,8/19/2017 15:00,39
White Plains,ACTUAL,8/19/2017 15:00,8/19/2017 16:00,39
White Plains,ACTUAL,8/19/2017 16:00,8/19/2017 17:00,39
White Plains,ACTUAL,8/19/2017 17:00,8/19/2017 18:00,39
White Plains,ACTUAL,8/19/2017 18:00,8/19/2017 19:00,30
White Plains,ACTUAL,8/19/2017 19:00,8/19/2017 20:00,0
White Plains,ACTUAL,8/19/2017 20:00,8/19/2017 21:00,0
White Plains,ACTUAL,8/19/2017 21:00,8/19/2017 22:00,0
White Plains,ACTUAL,8/19/2017 22:00,8/19/2017 23:00,0
White Plains,ACTUAL,8/19/2017 23:00,8/20/2017 0:00,0
White Plains,ACTUAL,8/20/2017 0:00,8/20/2017 1:00,0
White Plains,ACTUAL,8/20/2017 1:00,8/20/2017 2:00,0
White Plains,ACTUAL,8/20/2017 2:00,8/20/2017 3:00,0
White Plains,ACTUAL,8/20/2017 3:00,8/20/2017 4:00,0
White Plains,ACTUAL,8/20/2017 4:00,8/20/2017 5:00,0
White Plains,ACTUAL,8/20/2017 5:00,8/20/2017 6:00,51
White Plains,ACTUAL,8/20/2017 6:00,8/20/2017 7:00,60
White Plains,ACTUAL,8/20/2017 7:00,8/20/2017 8:00,60
White Plains,ACTUAL,8/20/2017 8:00,8/20/2017 9:00,39
White Plains,ACTUAL,8/20/2017 9:00,8/20/2017 10:00,39
White Plains,ACTUAL,8/20/2017 10:00,8/20/2017 11:00,39
White Plains,ACTUAL,8/20/2017 11:00,8/20/2017 12:00,39
White Plains,ACTUAL,8/20/2017 12:00,8/20/2017 13:00,39
White Plains,ACTUAL,8/20/2017 13:00,8/20/2017 14:00,39
White Plains,ACTUAL,8/20/2017 14:00,8/20/2017 15:00,39
White Plains,ACTUAL,8/20/2017 15:00,8/20/2017 16:00,39
White Plains,ACTUAL,8/20/2017 16:00,8/20/2017 17:00,39
White Plains,ACTUAL,8/20/2017 17:00,8/20/2017 18:00,39
White Plains,ACTUAL,8/20/2017 18:00,8/20/2017 19:00,29
White Plains,ACTUAL,8/20/2017 19:00,8/20/2017 20:00,0
White Plains,ACTUAL,8/20/2017 20:00,8/20/2017 21:00,0
White Plains,ACTUAL,8/20/2017 21:00,8/20/2017 22:00,0
White Plains,ACTUAL,8/20/2017 22:00,8/20/2017 23:00,0
White Plains,ACTUAL,8/20/2017 23:00,8/21/2017 0:00,0
White Plains,ACTUAL,8/21/2017 0:00,8/21/2017 1:00,0
White Plains,ACTUAL,8/21/2017 1:00,8/21/2017 2:00,0
White Plains,ACTUAL,8/21/2017 2:00,8/21/2017 3:00,0
White Plains,ACTUAL,8/21/2017 3:00,8/21/2017 4:00,0
White Plains,ACTUAL,8/21/2017 4:00,8/21/2017 5:00,0
White Plains,ACTUAL,8/21/2017 5:00,8/21/2017 6:00,50
White Plains,ACTUAL,8/21/2017 6:00,8/21/2017 7:00,60
White Plains,ACTUAL,8/21/2017 7:00,8/21/2017 8:00,60
White Plains,ACTUAL,8/21/2017 8:00,8/21/2017 9:00,60
White Plains,ACTUAL,8/21/2017 9:00,8/21/2017 10:00,60
White Plains,ACTUAL,8/21/2017 10:00,8/21/2017 11:00,60
White Plains,ACTUAL,8/21/2017 11:00,8/21/2017 12:00,60
White Plains,ACTUAL,8/21/2017 12:00,8/21/2017 13:00,60
White Plains,ACTUAL,8/21/2017 13:00,8/21/2017 14:00,39
White Plains,ACTUAL,8/21/2017 14:00,8/21/2017 15:00,39
White Plains,ACTUAL,8/21/2017 15:00,8/21/2017 16:00,39
White Plains,ACTUAL,8/21/2017 16:00,8/21/2017 17:00,39
White Plains,ACTUAL,8/21/2017 17:00,8/21/2017 18:00,39
White Plains,ACTUAL,8/21/2017 18:00,8/21/2017 19:00,28
White Plains,ACTUAL,8/21/2017 19:00,8/21/2017 20:00,0
White Plains,ACTUAL,8/21/2017 20:00,8/21/2017 21:00,0
White Plains,ACTUAL,8/21/2017 21:00,8/21/2017 22:00,0
White Plains,ACTUAL,8/21/2017 22:00,8/21/2017 23:00,0
White Plains,ACTUAL,8/21/2017 23:00,8/22/2017 0:00,0
White Plains,ACTUAL,8/22/2017 0:00,8/22/2017 1:00,0
White Plains,ACTUAL,8/22/2017 1:00,8/22/2017 2:00,0
White Plains,ACTUAL,8/22/2017 2:00,8/22/2017 3:00,0
White Plains,ACTUAL,8/22/2017 3:00,8/22/2017 4:00,0
White Plains,ACTUAL,8/22/2017 4:00,8/22/2017 5:00,0
White Plains,ACTUAL,8/22/2017 5:00,8/22/2017 6:00,49
White Plains,ACTUAL,8/22/2017 6:00,8/22/2017 7:00,39
White Plains,ACTUAL,8/22/2017 7:00,8/22/2017 8:00,60
White Plains,ACTUAL,8/22/2017 8:00,8/22/2017 9:00,39
White Plains,ACTUAL,8/22/2017 9:00,8/22/2017 10:00,39
White Plains,ACTUAL,8/22/2017 10:00,8/22/2017 11:00,39
White Plains,ACTUAL,8/22/2017 11:00,8/22/2017 12:00,39
White Plains,ACTUAL,8/22/2017 12:00,8/22/2017 13:00,39
White Plains,ACTUAL,8/22/2017 13:00,8/22/2017 14:00,39
White Plains,ACTUAL,8/22/2017 14:00,8/22/2017 15:00,39
White Plains,ACTUAL,8/22/2017 15:00,8/22/2017 16:00,39
White Plains,ACTUAL,8/22/2017 16:00,8/22/2017 17:00,39
White Plains,ACTUAL,8/22/2017 17:00,8/22/2017 18:00,39
White Plains,ACTUAL,8/22/2017 18:00,8/22/2017 19:00,27
White Plains,ACTUAL,8/22/2017 19:00,8/22/2017 20:00,0
White Plains,ACTUAL,8/22/2017 20:00,8/22/2017 21:00,0
White Plains,ACTUAL,8/22/2017 21:00,8/22/2017 22:00,0
White Plains,ACTUAL,8/22/2017 22:00,8/22/2017 23:00,0
White Plains,ACTUAL,8/22/2017 23:00,8/23/2017 0:00,0
White Plains,ACTUAL,8/23/2017 0:00,8/23/2017 1:00,0
White Plains,ACTUAL,8/23/2017 1:00,8/23/2017 2:00,0
White Plains,ACTUAL,8/23/2017 2:00,8/23/2017 3:00,0
White Plains,ACTUAL,8/23/2017 3:00,8/23/2017 4:00,0
White Plains,ACTUAL,8/23/2017 4:00,8/23/2017 5:00,0
White Plains,ACTUAL,8/23/2017 5:00,8/23/2017 6:00,14
White Plains,ACTUAL,8/23/2017 6:00,8/23/2017 7:00,18
White Plains,ACTUAL,8/23/2017 7:00,8/23/2017 8:00,18
White Plains,ACTUAL,8/23/2017 8:00,8/23/2017 9:00,18
White Plains,ACTUAL,8/23/2017 9:00,8/23/2017 10:00,60
White Plains,ACTUAL,8/23/2017 10:00,8/23/2017 11:00,60
White Plains,ACTUAL,8/23/2017 11:00,8/23/2017 12:00,60
White Plains,ACTUAL,8/23/2017 12:00,8/23/2017 13:00,39
White Plains,ACTUAL,8/23/2017 13:00,8/23/2017 14:00,39
White Plains,ACTUAL,8/23/2017 14:00,8/23/2017 15:00,39
White Plains,ACTUAL,8/23/2017 15:00,8/23/2017 16:00,39
White Plains,ACTUAL,8/23/2017 16:00,8/23/2017 17:00,39
White Plains,ACTUAL,8/23/2017 17:00,8/23/2017 18:00,39
White Plains,ACTUAL,8/23/2017 18:00,8/23/2017 19:00,26
White Plains,ACTUAL,8/23/2017 19:00,8/23/2017 20:00,0
White Plains,ACTUAL,8/23/2017 20:00,8/23/2017 21:00,0
White Plains,ACTUAL,8/23/2017 21:00,8/23/2017 22:00,0
White Plains,ACTUAL,8/23/2017 22:00,8/23/2017 23:00,0
White Plains,ACTUAL,8/23/2017 23:00,8/24/2017 0:00,0
White Plains,ACTUAL,8/24/2017 0:00,8/24/2017 1:00,0
White Plains,ACTUAL,8/24/2017 1:00,8/24/2017 2:00,0
White Plains,ACTUAL,8/24/2017 2:00,8/24/2017 3:00,0
White Plains,ACTUAL,8/24/2017 3:00,8/24/2017 4:00,0
White Plains,ACTUAL,8/24/2017 4:00,8/24/2017 5:00,0
White Plains,ACTUAL,8/24/2017 5:00,8/24/2017 6:00,47
White Plains,ACTUAL,8/24/2017 6:00,8/24/2017 7:00,60
White Plains,ACTUAL,8/24/2017 7:00,8/24/2017 8:00,39
White Plains,ACTUAL,8/24/2017 8:00,8/24/2017 9:00,60
White Plains,ACTUAL,8/24/2017 9:00,8/24/2017 10:00,60
White Plains,ACTUAL,8/24/2017 10:00,8/24/2017 11:00,60
White Plains,ACTUAL,8/24/2017 11:00,8/24/2017 12:00,39
White Plains,ACTUAL,8/24/2017 12:00,8/24/2017 13:00,39
White Plains,ACTUAL,8/24/2017 13:00,8/24/2017 14:00,39
White Plains,ACTUAL,8/24/2017 14:00,8/24/2017 15:00,39
White Plains,ACTUAL,8/24/2017 15:00,8/24/2017 16:00,39
White Plains,ACTUAL,8/24/2017 16:00,8/24/2017 17:00,39
White Plains,ACTUAL,8/24/2017 17:00,8/24/2017 18:00,39
White Plains,ACTUAL,8/24/2017 18:00,8/24/2017 19:00,26
White Plains,ACTUAL,8/24/2017 19:00,8/24/2017 20:00,0
White Plains,ACTUAL,8/24/2017 20:00,8/24/2017 21:00,0
White Plains,ACTUAL,8/24/2017 21:00,8/24/2017 22:00,0
White Plains,ACTUAL,8/24/2017 22:00,8/24/2017 23:00,0
White Plains,ACTUAL,8/24/2017 23:00,8/25/2017 0:00,0
White Plains,ACTUAL,8/25/2017 0:00,8/25/2017 1:00,0
White Plains,ACTUAL,8/25/2017 1:00,8/25/2017 2:00,0
White Plains,ACTUAL,8/25/2017 2:00,8/25/2017 3:00,0
White Plains,ACTUAL,8/25/2017 3:00,8/25/2017 4:00,0
White Plains,ACTUAL,8/25/2017 4:00,8/25/2017 5:00,0
White Plains,ACTUAL,8/25/2017 5:00,8/25/2017 6:00,46
White Plains,ACTUAL,8/25/2017 6:00,8/25/2017 7:00,39
White Plains,ACTUAL,8/25/2017 7:00,8/25/2017 8:00,39
White Plains,ACTUAL,8/25/2017 8:00,8/25/2017 9:00,60
White Plains,ACTUAL,8/25/2017 9:00,8/25/2017 10:00,60
White Plains,ACTUAL,8/25/2017 10:00,8/25/2017 11:00,39
White Plains,ACTUAL,8/25/2017 11:00,8/25/2017 12:00,18
White Plains,ACTUAL,8/25/2017 12:00,8/25/2017 13:00,18
White Plains,ACTUAL,8/25/2017 13:00,8/25/2017 14:00,18
White Plains,ACTUAL,8/25/2017 14:00,8/25/2017 15:00,39
White Plains,ACTUAL,8/25/2017 15:00,8/25/2017 16:00,18
White Plains,ACTUAL,8/25/2017 16:00,8/25/2017 17:00,18
White Plains,ACTUAL,8/25/2017 17:00,8/25/2017 18:00,39
White Plains,ACTUAL,8/25/2017 18:00,8/25/2017 19:00,24
White Plains,ACTUAL,8/25/2017 19:00,8/25/2017 20:00,0
White Plains,ACTUAL,8/25/2017 20:00,8/25/2017 21:00,0
White Plains,ACTUAL,8/25/2017 21:00,8/25/2017 22:00,0
White Plains,ACTUAL,8/25/2017 22:00,8/25/2017 23:00,0
White Plains,ACTUAL,8/25/2017 23:00,8/26/2017 0:00,0
White Plains,ACTUAL,8/26/2017 0:00,8/26/2017 1:00,0
White Plains,ACTUAL,8/26/2017 1:00,8/26/2017 2:00,0
White Plains,ACTUAL,8/26/2017 2:00,8/26/2017 3:00,0
White Plains,ACTUAL,8/26/2017 3:00,8/26/2017 4:00,0
White Plains,ACTUAL,8/26/2017 4:00,8/26/2017 5:00,0
White Plains,ACTUAL,8/26/2017 5:00,8/26/2017 6:00,45
White Plains,ACTUAL,8/26/2017 6:00,8/26/2017 7:00,39
White Plains,ACTUAL,8/26/2017 7:00,8/26/2017 8:00,60
White Plains,ACTUAL,8/26/2017 8:00,8/26/2017 9:00,60
White Plains,ACTUAL,8/26/2017 9:00,8/26/2017 10:00,60
White Plains,ACTUAL,8/26/2017 10:00,8/26/2017 11:00,39
White Plains,ACTUAL,8/26/2017 11:00,8/26/2017 12:00,39
White Plains,ACTUAL,8/26/2017 12:00,8/26/2017 13:00,39
White Plains,ACTUAL,8/26/2017 13:00,8/26/2017 14:00,39
White Plains,ACTUAL,8/26/2017 14:00,8/26/2017 15:00,39
White Plains,ACTUAL,8/26/2017 15:00,8/26/2017 16:00,39
White Plains,ACTUAL,8/26/2017 16:00,8/26/2017 17:00,39
White Plains,ACTUAL,8/26/2017 17:00,8/26/2017 18:00,39
White Plains,ACTUAL,8/26/2017 18:00,8/26/2017 19:00,24
White Plains,ACTUAL,8/26/2017 19:00,8/26/2017 20:00,0
White Plains,ACTUAL,8/26/2017 20:00,8/26/2017 21:00,0
White Plains,ACTUAL,8/26/2017 21:00,8/26/2017 22:00,0
White Plains,ACTUAL,8/26/2017 22:00,8/26/2017 23:00,0
White Plains,ACTUAL,8/26/2017 23:00,8/27/2017 0:00,0
White Plains,ACTUAL,8/27/2017 0:00,8/27/2017 1:00,0
White Plains,ACTUAL,8/27/2017 1:00,8/27/2017 2:00,0
White Plains,ACTUAL,8/27/2017 2:00,8/27/2017 3:00,0
White Plains,ACTUAL,8/27/2017 3:00,8/27/2017 4:00,0
White Plains,ACTUAL,8/27/2017 4:00,8/27/2017 5:00,0
White Plains,ACTUAL,8/27/2017 5:00,8/27/2017 6:00,44
White Plains,ACTUAL,8/27/2017 6:00,8/27/2017 7:00,60
White Plains,ACTUAL,8/27/2017 7:00,8/27/2017 8:00,60
White Plains,ACTUAL,8/27/2017 8:00,8/27/2017 9:00,60
White Plains,ACTUAL,8/27/2017 9:00,8/27/2017 10:00,60
White Plains,ACTUAL,8/27/2017 10:00,8/27/2017 11:00,39
White Plains,ACTUAL,8/27/2017 11:00,8/27/2017 12:00,60
White Plains,ACTUAL,8/27/2017 12:00,8/27/2017 13:00,39
White Plains,ACTUAL,8/27/2017 13:00,8/27/2017 14:00,39
White Plains,ACTUAL,8/27/2017 14:00,8/27/2017 15:00,39
White Plains,ACTUAL,8/27/2017 15:00,8/27/2017 16:00,39
White Plains,ACTUAL,8/27/2017 16:00,8/27/2017 17:00,39
White Plains,ACTUAL,8/27/2017 17:00,8/27/2017 18:00,39
White Plains,ACTUAL,8/27/2017 18:00,8/27/2017 19:00,22
White Plains,ACTUAL,8/27/2017 19:00,8/27/2017 20:00,0
White Plains,ACTUAL,8/27/2017 20:00,8/27/2017 21:00,0
White Plains,ACTUAL,8/27/2017 21:00,8/27/2017 22:00,0
White Plains,ACTUAL,8/27/2017 22:00,8/27/2017 23:00,0
White Plains,ACTUAL,8/27/2017 23:00,8/28/2017 0:00,0
White Plains,ACTUAL,8/28/2017 0:00,8/28/2017 1:00,0
White Plains,ACTUAL,8/28/2017 1:00,8/28/2017 2:00,0
White Plains,ACTUAL,8/28/2017 2:00,8/28/2017 3:00,0
White Plains,ACTUAL,8/28/2017 3:00,8/28/2017 4:00,0
White Plains,ACTUAL,8/28/2017 4:00,8/28/2017 5:00,0
White Plains,ACTUAL,8/28/2017 5:00,8/28/2017 6:00,43
White Plains,ACTUAL,8/28/2017 6:00,8/28/2017 7:00,39
White Plains,ACTUAL,8/28/2017 7:00,8/28/2017 8:00,39
White Plains,ACTUAL,8/28/2017 8:00,8/28/2017 9:00,39
White Plains,ACTUAL,8/28/2017 9:00,8/28/2017 10:00,39
White Plains,ACTUAL,8/28/2017 10:00,8/28/2017 11:00,39
White Plains,ACTUAL,8/28/2017 11:00,8/28/2017 12:00,39
White Plains,ACTUAL,8/28/2017 12:00,8/28/2017 13:00,39
White Plains,ACTUAL,8/28/2017 13:00,8/28/2017 14:00,39
White Plains,ACTUAL,8/28/2017 14:00,8/28/2017 15:00,39
White Plains,ACTUAL,8/28/2017 15:00,8/28/2017 16:00,39
White Plains,ACTUAL,8/28/2017 16:00,8/28/2017 17:00,39
White Plains,ACTUAL,8/28/2017 17:00,8/28/2017 18:00,39
White Plains,ACTUAL,8/28/2017 18:00,8/28/2017 19:00,33
White Plains,ACTUAL,8/28/2017 19:00,8/28/2017 20:00,0
White Plains,ACTUAL,8/28/2017 20:00,8/28/2017 21:00,0
White Plains,ACTUAL,8/28/2017 21:00,8/28/2017 22:00,0
White Plains,ACTUAL,8/28/2017 22:00,8/28/2017 23:00,0
White Plains,ACTUAL,8/28/2017 23:00,8/29/2017 0:00,0
White Plains,ACTUAL,8/29/2017 0:00,8/29/2017 1:00,0
White Plains,ACTUAL,8/29/2017 1:00,8/29/2017 2:00,0
White Plains,ACTUAL,8/29/2017 2:00,8/29/2017 3:00,0
White Plains,ACTUAL,8/29/2017 3:00,8/29/2017 4:00,0
White Plains,ACTUAL,8/29/2017 4:00,8/29/2017 5:00,0
White Plains,ACTUAL,8/29/2017 5:00,8/29/2017 6:00,42
White Plains,ACTUAL,8/29/2017 6:00,8/29/2017 7:00,0
White Plains,ACTUAL,8/29/2017 7:00,8/29/2017 8:00,39
White Plains,ACTUAL,8/29/2017 8:00,8/29/2017 9:00,39
White Plains,ACTUAL,8/29/2017 9:00,8/29/2017 10:00,39
White Plains,ACTUAL,8/29/2017 10:00,8/29/2017 11:00,39
White Plains,ACTUAL,8/29/2017 11:00,8/29/2017 12:00,39
White Plains,ACTUAL,8/29/2017 12:00,8/29/2017 13:00,18
White Plains,ACTUAL,8/29/2017 13:00,8/29/2017 14:00,18
White Plains,ACTUAL,8/29/2017 14:00,8/29/2017 15:00,18
White Plains,ACTUAL,8/29/2017 15:00,8/29/2017 16:00,0
White Plains,ACTUAL,8/29/2017 16:00,8/29/2017 17:00,18
White Plains,ACTUAL,8/29/2017 17:00,8/29/2017 18:00,18
White Plains,ACTUAL,8/29/2017 18:00,8/29/2017 19:00,9
White Plains,ACTUAL,8/29/2017 19:00,8/29/2017 20:00,0
White Plains,ACTUAL,8/29/2017 20:00,8/29/2017 21:00,0
White Plains,ACTUAL,8/29/2017 21:00,8/29/2017 22:00,0
White Plains,ACTUAL,8/29/2017 22:00,8/29/2017 23:00,0
White Plains,ACTUAL,8/29/2017 23:00,8/30/2017 0:00,0
White Plains,ACTUAL,8/30/2017 0:00,8/30/2017 1:00,0
White Plains,ACTUAL,8/30/2017 1:00,8/30/2017 2:00,0
White Plains,ACTUAL,8/30/2017 2:00,8/30/2017 3:00,0
White Plains,ACTUAL,8/30/2017 3:00,8/30/2017 4:00,0
White Plains,ACTUAL,8/30/2017 4:00,8/30/2017 5:00,0
White Plains,ACTUAL,8/30/2017 5:00,8/30/2017 6:00,0
White Plains,ACTUAL,8/30/2017 6:00,8/30/2017 7:00,18
White Plains,ACTUAL,8/30/2017 7:00,8/30/2017 8:00,18
White Plains,ACTUAL,8/30/2017 8:00,8/30/2017 9:00,39
White Plains,ACTUAL,8/30/2017 9:00,8/30/2017 10:00,39
White Plains,ACTUAL,8/30/2017 10:00,8/30/2017 11:00,39
White Plains,ACTUAL,8/30/2017 11:00,8/30/2017 12:00,39
White Plains,ACTUAL,8/30/2017 12:00,8/30/2017 13:00,39
White Plains,ACTUAL,8/30/2017 13:00,8/30/2017 14:00,39
White Plains,ACTUAL,8/30/2017 14:00,8/30/2017 15:00,39
White Plains,ACTUAL,8/30/2017 15:00,8/30/2017 16:00,39
White Plains,ACTUAL,8/30/2017 16:00,8/30/2017 17:00,39
White Plains,ACTUAL,8/30/2017 17:00,8/30/2017 18:00,39
White Plains,ACTUAL,8/30/2017 18:00,8/30/2017 19:00,19
White Plains,ACTUAL,8/30/2017 19:00,8/30/2017 20:00,0
White Plains,ACTUAL,8/30/2017 20:00,8/30/2017 21:00,0
White Plains,ACTUAL,8/30/2017 21:00,8/30/2017 22:00,0
White Plains,ACTUAL,8/30/2017 22:00,8/30/2017 23:00,0
White Plains,ACTUAL,8/30/2017 23:00,8/31/2017 0:00,0
White Plains,ACTUAL,8/31/2017 0:00,8/31/2017 1:00,0
White Plains,ACTUAL,8/31/2017 1:00,8/31/2017 2:00,0
White Plains,ACTUAL,8/31/2017 2:00,8/31/2017 3:00,0
White Plains,ACTUAL,8/31/2017 3:00,8/31/2017 4:00,0
White Plains,ACTUAL,8/31/2017 4:00,8/31/2017 5:00,0
White Plains,ACTUAL,8/31/2017 5:00,8/31/2017 6:00,40
White Plains,ACTUAL,8/31/2017 6:00,8/31/2017 7:00,60
White Plains,ACTUAL,8/31/2017 7:00,8/31/2017 8:00,60
White Plains,ACTUAL,8/31/2017 8:00,8/31/2017 9:00,60
White Plains,ACTUAL,8/31/2017 9:00,8/31/2017 10:00,60
White Plains,ACTUAL,8/31/2017 10:00,8/31/2017 11:00,60
White Plains,ACTUAL,8/31/2017 11:00,8/31/2017 12:00,39
White Plains,ACTUAL,8/31/2017 12:00,8/31/2017 13:00,39
White Plains,ACTUAL,8/31/2017 13:00,8/31/2017 14:00,18
White Plains,ACTUAL,8/31/2017 14:00,8/31/2017 15:00,18
White Plains,ACTUAL,8/31/2017 15:00,8/31/2017 16:00,18
White Plains,ACTUAL,8/31/2017 16:00,8/31/2017 17:00,39
White Plains,ACTUAL,8/31/2017 17:00,8/31/2017 18:00,39
White Plains,ACTUAL,8/31/2017 18:00,8/31/2017 19:00,18
White Plains,ACTUAL,8/31/2017 19:00,8/31/2017 20:00,0
White Plains,ACTUAL,8/31/2017 20:00,8/31/2017 21:00,0
White Plains,ACTUAL,8/31/2017 21:00,8/31/2017 22:00,0
White Plains,ACTUAL,8/31/2017 22:00,8/31/2017 23:00,0
White Plains,ACTUAL,8/31/2017 23:00,9/1/2017 0:00,0
